dt,co,no,no2,o3,so2,pm2_5,pm10,nh3,aqi
1606266000,727.65,3.07,11.14,10.1,2.53,22.03,29.62,7.09,3
1606269600,761.03,5.7,13.54,15.38,5.96,21.35,31.4,9.5,3
1606273200,934.6,8.27,21.25,25.03,12.52,26.29,39.77,12.79,4
1606276800,594.14,3.8,15.42,76.53,12.99,20.08,28.83,7.28,3
1606280400,560.76,2.12,14.4,135.9,18.6,34.19,43.1,6.65,4
1606284000,654.22,2.01,19.19,191.69,35.76,63.55,73.7,7.28,5
1606287600,654.22,0.77,23.99,197.41,44.35,70.69,80.74,7.16,5
1606291200,627.52,0.69,29.82,165.94,42.44,55.14,65.3,7.28,5
1606294800,600.82,0.59,33.59,137.33,37.19,41.74,52.3,7.79,4
1606298400,667.57,0.48,38.04,103,26.46,34.72,46.3,13.3,4
1606302000,881.2,0.04,42.5,67.95,16.93,36.74,50.34,20.52,4
1606305600,1094.82,0,41.13,45.78,10.49,41.69,56.62,22.04,4
1606309200,1295.09,0.01,43.53,28.25,7.63,47.45,65.88,17.23,4
1606312800,1575.47,0.46,50.72,11.44,9.06,58.5,84.09,14.06,5
1606316400,2056.12,6.09,55.52,0.98,14.78,78.84,112.64,11.91,5
1606320000,2616.88,20.56,47.3,0.01,14.31,107.55,147.26,10.51,5
1606323600,3204.35,38.89,36.67,0,11.33,140.2,183.43,11.91,5
1606327200,3791.81,57.22,31.87,0,10.01,174.84,222,15.45,5
1606330800,4219.06,69.74,28.1,0,6.8,205.23,255.65,18.49,5
1606334400,4539.49,74.21,23.99,0,4.11,225.52,274.91,15.07,5
1606338000,4592.9,71.53,23.99,0,3.31,231,275.21,11.78,5
1606341600,3845.22,41.57,41.13,0,4.53,173.84,206.98,10.01,5
1606345200,2777.1,22.8,34.96,0,3.07,117.73,140.05,9.25,5
1606348800,1815.8,11.4,26.73,0.62,2.71,71.89,85.96,10.77,5
1606352400,921.25,3.33,18.51,9.03,2.95,32.65,41.25,10.13,4
1606356000,774.38,4.86,15.08,16.27,4.65,24.09,33.13,11.65,3
1606359600,814.44,5.36,15.59,27.18,5.84,23.42,33.63,13.3,3
1606363200,574.11,1.82,10.11,53.64,4.23,16.9,23.59,8.36,2
1606366800,473.98,0.8,7.63,73.67,2.92,14.95,20.82,6.84,2
1606370400,480.65,0.87,10.97,89.41,6.62,17.97,25.36,6.9,2
1606374000,487.33,0.77,13.88,101.57,12.04,21.27,29.36,6.65,3
1606377600,487.33,0.49,15.77,105.86,14.07,21.85,29.1,6.52,3
1606381200,514.03,0.23,21.25,101.57,17.41,23.42,30.64,7.22,3
1606384800,654.22,0.05,34.96,85.12,23.6,30.06,38.83,12.16,4
1606388400,974.66,0,55.52,60.08,32.9,47.81,60.11,20.77,4
1606392000,1375.2,0,68.55,43.27,39.1,80.62,97.03,25.84,5
1606395600,1789.09,0.01,77.46,25.39,31.95,110.08,130.25,24.57,5
1606399200,2082.82,0.23,78.83,10.01,19.55,119.34,141.74,20.52,5
1606402800,2269.75,1.54,73.34,2.39,12.16,122.14,146.24,17.23,5
1606406400,2349.85,3.97,65.12,0.34,8.35,127.53,152.68,15.83,5
1606410000,2429.96,6.15,58.95,0.04,6.26,135.15,160.58,14.31,5
1606413600,2590.18,9.16,54.15,0,4.95,149.34,174.43,13.05,5
1606417200,2670.29,9.95,50.04,0.01,4.35,149.98,173.01,12.41,5
1606420800,2403.26,7.71,44.55,0.08,3.52,122.62,140.91,11.53,5
1606424400,1815.8,4.3,35.3,0.61,2.56,80.85,93.47,11.53,5
1606428000,988.01,0.47,23.65,6.62,2.62,34.99,42.36,10.13,4
1606431600,660.9,0.21,17.99,9.57,3.93,20.81,26.42,9.75,3
1606435200,567.44,1.36,14.91,11.8,5.25,16.96,22.57,9.75,2
1606438800,634.19,7.04,14.4,15.38,10.73,19.41,27.48,10.13,2
1606442400,934.6,16.09,25.02,18.95,25.51,33.03,46.07,12.67,4
1606446000,1428.6,22.58,56.21,37.19,54.84,66.27,86.49,15.58,5
1606449600,1575.47,9.28,94.59,65.09,76.29,109.72,132.88,11.15,5
1606453200,1668.93,5.09,101.45,91.55,76.29,134.69,159.69,10.01,5
1606456800,1695.63,4.25,105.56,92.98,82.02,123.15,148.21,11.53,5
1606460400,1308.44,2.35,85.68,90.12,71.53,81.23,100.93,10.64,5
1606464000,1014.71,0.98,66.49,88.69,55.31,56.8,72.05,9.37,5
1606467600,881.2,0.31,55.52,89.41,44.82,47.15,60.2,9.12,4
1606471200,1108.17,0.07,56.89,64.37,28.85,51.89,66.3,21.53,5
1606474800,1602.17,0.01,69.23,29.33,19.07,71.56,89.9,36.99,5
1606478400,2029.42,0.63,80.2,8.14,15.5,91.24,114.18,44.08,5
1606482000,2403.26,5.81,83.63,0.33,13.71,107.91,135.65,45.09,5
1606485600,2750.4,13.41,74.03,0.01,10.25,126.7,157.68,34.45,5
1606489200,3017.43,17.21,63.75,0.02,7.75,137.99,168.27,24.07,5
1606492800,2323.15,2.91,54.84,3.67,6.26,98.57,117.37,18.49,5
1606496400,1482.01,0.05,33.93,16.63,3.73,56.45,67.54,16.09,5
1606500000,781.06,0,19.19,27.9,2.53,27.17,34.32,14.82,4
1606503600,423.91,0,10.28,37.91,2.83,13.11,16.79,9.75,2
1606507200,397.21,0,8.48,39.7,2.12,11.89,14.98,10.13,2
1606510800,407.22,0,8.65,37.91,1.91,12.38,15.53,10.13,2
1606514400,420.57,0,9.68,35.05,2.15,12.75,16.15,9.5,2
1606518000,420.57,0,9.17,35.05,2.18,12.16,15.49,8.49,2
1606521600,420.57,0.27,7.63,37.19,1.94,11.11,14.27,7.47,2
1606525200,427.25,1.36,6.51,41.49,2.27,9.99,13.44,6.52,1
1606528800,473.98,2.15,7.8,49.35,4.29,10.73,15,6.84,2
1606532400,514.03,2.18,9.68,70.1,7.45,13.71,18.63,6.78,2
1606536000,423.91,0.8,7.11,90.12,6.62,12.12,15.53,4.24,2
1606539600,403.88,0.68,7.28,95.84,7.27,11.7,14.77,3.83,2
1606543200,417.23,0.82,9.43,98.71,10.37,12.8,16.1,4.05,2
1606546800,473.98,0.82,12.68,97.28,11.92,14.85,18.56,6.9,2
1606550400,547.41,0.59,16.28,82.25,10.25,15.34,19.06,10.01,2
1606554000,627.52,0.21,19.19,61.51,9.3,14.85,18.38,11.15,2
1606557600,707.63,0.02,23.31,42.92,10.49,15.08,18.58,9.75,2
1606561200,827.79,0,33.24,28.25,14.42,18.42,22.66,9.12,2
1606564800,1001.36,0.03,47.98,15.38,21.7,25.95,31.7,9.25,4
1606568400,1228.33,0.63,67.17,5.14,32.42,38.77,46.74,9.88,4
1606572000,1415.25,2.29,69.92,0.83,30.99,49.95,59.29,10.77,4
1606575600,1508.71,3.86,61.69,0.22,23.13,54.86,64.06,10.77,5
1606579200,1441.96,3.02,52.09,0.7,15.5,55.27,63.56,10.13,5
1606582800,1348.5,1.98,43.18,1.16,10.25,54.96,62.3,9.37,5
1606586400,1281.74,1.31,35.3,1.97,7.03,54.38,60.47,8.74,5
1606590000,1241.68,0.71,28.79,3.8,5.07,52.61,57.23,7.98,5
1606593600,1214.98,0.46,24.33,5.19,3.99,50.89,54.78,7.66,5
1606597200,1255.04,0.49,22.62,4.69,3.31,51.38,54.84,7.6,5
1606600800,1321.79,0.68,22.28,3.09,2.8,52.88,56.11,7.47,5
1606604400,1375.2,1.03,20.91,1.54,2.3,53.49,57.14,7.28,5
1606608000,1321.79,1.16,18.17,2.3,2,50.62,55.12,6.84,5
1606611600,921.25,0.44,12.17,16.09,1.85,34.69,38.17,4.5,4
1606615200,714.3,0.52,9.25,27.54,1.85,27.61,30.11,3.74,4
1606618800,614.17,0.5,7.03,43.27,1.73,27.01,28.84,3.1,4
1606622400,574.11,0.12,5.1,57.22,1.52,28.19,29.45,2.53,4
1606626000,560.76,0.02,4.67,57.22,1.36,25.94,27.01,2.41,4
1606629600,560.76,0.02,5.4,55.79,1.64,23.54,24.61,2.38,3
1606633200,567.44,0.05,4.93,56.51,1.74,22.17,22.99,2.12,3
1606636800,574.11,0.04,5.1,54.36,1.4,21.81,22.62,2.44,3
1606640400,587.46,0.02,5.74,49.35,1.34,21.89,22.8,2.76,3
1606644000,620.84,0.01,7.54,41.49,1.46,22.62,23.83,3.74,3
1606647600,680.92,0,8.82,34.33,1.8,24.18,25.64,4.75,3
1606651200,720.98,0,9.43,28.61,2.03,25.27,27.01,5,4
1606654800,754.36,0,10.54,22.89,2.12,26.63,29.08,5.76,4
1606658400,801.09,0.01,11.82,17.52,2.24,28.77,32.22,6.9,4
1606662000,841.14,0.03,12.68,13.95,2.3,30.43,34.73,8.04,4
1606665600,854.49,0.05,13.02,11.8,2.24,31.36,36,8.61,4
1606669200,841.14,0.06,12.51,11.09,1.97,30.82,35.12,8.23,4
1606672800,814.44,0.07,11.82,10.64,1.76,29.95,33.96,7.85,4
1606676400,761.03,0.05,10.54,11.44,1.55,27.69,30.99,6.78,4
1606680000,680.92,0.03,9,13.77,1.37,24.27,26.76,5.64,3
1606683600,594.14,0.01,7.37,17.88,1.22,20.46,22.26,4.62,3
1606687200,487.33,0,5.4,25.03,1.01,16.4,17.53,3.45,2
1606690800,453.95,0,4.84,28.25,0.95,15.11,16.07,3.29,2
1606694400,453.95,0.02,5.27,28.97,1.13,14.84,15.98,3.36,2
1606698000,480.65,0.19,6.34,27.54,1.46,14.84,16.49,3.71,2
1606701600,507.36,0.55,7.11,27.54,1.76,14.59,17.02,4.31,2
1606705200,514.03,0.67,7.11,33.62,1.91,14.8,18.01,5,2
1606708800,433.92,0.19,4.8,49.35,1.42,12.9,15.24,3.71,2
1606712400,397.21,0.1,4.5,55.08,1.37,12.7,14.81,3.45,2
1606716000,393.87,0.11,5.66,55.08,1.89,13,15.3,3.52,2
1606719600,507.36,0.15,9,46.49,2.5,16.32,19.25,8.87,2
1606723200,720.98,0.22,14.57,34.69,3.13,23.74,28.03,14.06,3
1606726800,947.95,0.24,21.94,25.75,4.17,32.91,39.11,20.52,4
1606730400,1174.93,0.19,33.59,16.63,6.62,43.27,52.37,31.16,4
1606734000,1375.2,0.7,39.76,5.9,7.75,52.9,63.7,27.61,5
1606737600,1495.36,2.63,39.41,1.29,7.21,59.07,70.05,19.51,5
1606741200,1628.88,6.48,37.36,0.09,6.68,65.6,76.9,14.31,5
1606744800,1789.09,11.51,34.27,0,6.56,72.65,83.16,12.03,5
1606748400,1815.8,13.97,30.85,0,6.56,73.87,82.77,10.13,5
1606752000,1869.2,17.66,24.33,0,5.25,77.46,86.04,10.39,5
1606755600,2029.42,23.69,17.82,0,3.93,86.29,93.42,12.67,5
1606759200,2216.34,29.5,14.57,0,3.64,96.54,102.68,16.47,5
1606762800,2243.04,29.95,14.57,0,3.37,100.62,106.09,17.99,5
1606766400,2216.34,27.72,14.74,0,2.8,99.11,104.03,14.95,5
1606770000,2109.53,24.59,14.74,0,2.38,94.31,98.72,11.78,5
1606773600,1388.55,5.48,22.28,0.41,2.12,55.33,58.67,7.73,5
1606777200,1094.82,1.45,19.71,1.9,1.77,39.42,42.68,7.28,4
1606780800,847.82,0.45,15.08,5.9,1.79,27.26,30.34,6.59,4
1606784400,680.92,0.47,12.51,10.01,1.97,19.58,22.86,5.89,2
1606788000,674.25,1.02,12.68,10.82,2.38,17.67,21.84,6.14,2
1606791600,680.92,1.34,12.68,15.02,2.92,16.72,21.34,6.21,2
1606795200,587.46,1.45,13.54,31.11,6.08,18.72,22.47,4.24,2
1606798800,627.52,2.68,17.82,43.63,11.21,24.7,29.28,4.18,3
1606802400,714.3,3.13,21.94,67.23,15.5,31.75,37.52,4.5,4
1606806000,614.17,1.26,14.4,97.28,10.61,28.44,32.41,3.52,4
1606809600,534.06,0.45,10.11,97.28,6.5,22.62,25.34,3.55,3
1606813200,507.36,0.19,9.94,83.69,5.07,17.84,20.13,3.96,2
1606816800,554.09,0.05,13.2,61.51,4.35,16.45,19.1,6.52,2
1606820400,694.28,0,16.45,42.2,3.7,17.84,21.05,8.49,2
1606824000,821.11,0,18.17,30.04,3.46,19.99,23.61,8.04,2
1606827600,974.66,0.02,21.59,18.95,3.61,25.26,30.14,8.49,4
1606831200,1161.58,0.24,25.02,9.48,3.76,33.37,40.13,10.39,4
1606834800,1295.09,0.92,25.36,4.02,3.79,40.99,49.64,13.17,4
1606838400,1455.31,4.02,23.31,0.69,4.05,51.01,61.78,20.01,5
1606842000,1735.69,10.95,20.74,0.01,4.83,65.55,78.21,33.44,5
1606845600,2029.42,19,20.39,0,6.08,81.13,94.99,51.68,5
1606849200,2269.75,26.38,21.08,0,7.57,96.27,109.73,72.96,5
1606852800,2510.07,33.98,19.88,0,7.51,111.79,125.19,77.01,5
1606856400,2777.1,45.15,17.99,0,6.86,131.55,145.44,56.24,5
1606860000,3337.86,67.95,18.34,0,8.11,168.62,184.86,28.88,5
1606863600,3791.81,86.73,17.14,0,8.11,200.58,219.69,16.97,5
1606867200,3845.22,89.41,16.28,0.05,8.82,206.11,227.48,12.92,5
1606870800,2750.4,69.74,56.21,2.82,56.74,176.54,199.4,6.02,5
1606874400,2429.96,57.22,65.8,8.94,60.56,165.24,191.09,6.21,5
1606878000,2189.64,34.42,80.2,23.96,55.79,150.08,177.85,7.98,5
1606881600,1068.12,6.43,41.81,85.83,27.18,72.21,87.2,4.62,5
1606885200,700.95,2.04,23.99,120.16,20.03,46.29,56.65,4.12,4
1606888800,600.82,1.41,20.56,131.61,23.37,39.35,48.75,4.37,4
1606892400,520.71,1.09,16.45,134.47,21.46,32.59,40.76,4.5,4
1606896000,473.98,0.98,15.42,127.32,17.88,27.02,34,5,4
1606899600,473.98,0.94,17.82,114.44,17.41,23.31,29.88,5.83,3
1606903200,741.01,0.73,32.56,75.1,17.17,29.37,38.43,17.48,4
1606906800,1161.58,0.03,54.84,32.19,18.12,43.22,56.25,29.13,4
1606910400,1575.47,0.67,67.17,8.58,15.97,59.9,76.86,33.44,5
1606914000,1922.61,5.31,74.03,0.54,19.07,76.9,99.04,45.09,5
1606917600,2162.93,10.95,78.14,0.08,24.32,90.15,117.42,67.89,5
1606921200,2296.45,12.96,76.08,0.07,23.84,97.4,127.42,87.14,5
1606924800,2243.04,11.29,69.23,0.14,20.5,95.81,125.04,93.22,5
1606928400,2029.42,9.28,58.26,0.28,15.74,86.27,111.31,84.1,5
1606932000,1588.82,5.48,43.87,1.21,9.06,65.67,82.93,50.66,5
1606935600,587.46,0.01,17.99,28.97,4.59,20.15,27.1,12.54,3
1606939200,367.17,0,9.77,38.98,2.59,10.28,14.56,9.25,2
1606942800,323.77,0,8.14,42.56,2.38,7.87,11.48,8.23,1
1606946400,317.1,0,8.05,45.06,2.95,7.51,11.12,7.16,1
1606950000,317.1,0,7.54,47.21,2.86,7.72,11.53,6.46,1
1606953600,320.44,0.12,7.11,49.35,2.59,7.81,11.93,5.95,1
1606957200,347.14,1.27,6.77,51.5,3.43,8,12.86,5.57,1
1606960800,387.19,1.9,6.94,60.08,4.65,8.89,14.36,5.57,1
1606964400,390.53,1.45,6.17,79.39,4.59,10.64,16.33,5.38,2
1606968000,323.77,0.51,2.91,98.71,2.56,10.7,15.12,4.02,2
1606971600,297.07,0.3,1.95,105.86,1.58,10.84,14.69,3.67,2
1606975200,290.39,0.26,1.84,111.58,1.34,11.31,15.13,3.71,2
1606978800,287.06,0.19,1.69,110.15,1.31,10.75,14.43,3.86,2
1606982400,287.06,0.18,1.84,103,1.28,9.1,12.78,3.93,2
1606986000,283.72,0.15,2.38,95.84,1.24,7.87,12.09,3.74,2
1606989600,283.72,0.08,3.81,85.83,1.3,7.84,12.94,3.61,2
1606993200,313.76,0,6,74.39,1.88,9.52,15.35,3.96,1
1606996800,343.8,0,6.94,70.1,3.07,11.69,17.54,4.18,2
1607000400,363.83,0,8.57,64.37,4.89,12.73,18.58,4.94,2
1607004000,377.18,0,8.82,60.8,5.31,14.29,20.55,5.7,2
1607007600,367.17,0,8.57,57.94,4.47,15.39,22.51,6.21,2
1607011200,353.81,0,8.23,55.79,3.55,15.72,23.31,6.52,2
1607014800,340.46,0,7.45,55.79,2.77,15.31,22.57,6.46,2
1607018400,330.45,0,6.34,57.22,2.33,15.32,22.26,6.21,2
1607022000,333.79,0,5.06,60.8,2.09,17.14,24.38,6.08,2
1607025600,347.14,0,4.88,61.51,2.33,21.21,29.4,6.14,3
1607029200,370.5,0,5.23,61.51,2.8,26.35,35.78,6.4,4
1607032800,387.19,0,5.83,60.08,3.25,31.66,42.42,6.4,4
1607036400,397.21,0,5.44,60.08,3.19,35.48,47.49,6.08,4
1607040000,407.22,0.06,5.23,60.8,2.89,36.85,49.76,5.83,4
1607043600,420.57,0.65,6.08,60.8,2.92,34.88,48.55,5.45,4
1607047200,447.27,1.12,6.43,69.38,3.34,31.89,45.47,5.26,4
1607050800,447.27,0.91,5.31,89.41,3.34,31.35,44.23,4.94,4
1607054400,373.84,0.36,2.29,104.43,2.53,27.67,37.44,3.1,4
1607058000,363.83,0.25,1.76,113.01,2.5,29.74,38.6,2.6,4
1607061600,383.85,0.23,1.8,121.59,2.68,34.24,43.02,2.31,4
1607065200,393.87,0.2,1.69,123.02,2.86,35.69,43.55,2.28,4
1607068800,407.22,0.2,1.95,123.02,3.01,36.79,43.97,2.6,4
1607072400,423.91,0.2,2.66,123.02,3.07,38.01,45.19,2.98,4
1607076000,453.95,0.02,5.4,113.01,3.25,37.26,44.51,3.9,4
1607079600,514.03,0,10.2,91.55,4.77,33.77,40.85,5.38,4
1607083200,567.44,0,14.57,72.96,7.39,28.49,35.3,6.59,4
1607086800,694.28,0,23.31,54.36,11.56,28.09,36.13,9.12,4
1607090400,867.84,0,31.53,41.84,14.54,33.45,43.63,12.03,4
1607094000,974.66,0,35.99,34.33,14.66,39.07,51.24,13.43,4
1607097600,974.66,0,37.36,28.97,13.59,41.7,54.72,14.19,4
1607101200,854.49,0,31.87,28.25,10.37,36.29,47.04,14.19,4
1607104800,720.98,0,22.96,31.11,6.86,27.52,34.7,13.93,4
1607108400,627.52,0,14.4,38.98,4.23,21.77,25.89,13.55,3
1607112000,600.82,0,9.77,44.7,3.16,22.65,25.5,12.41,3
1607115600,607.49,0,8.48,45.06,2.98,25.98,28.73,10.89,4
1607119200,607.49,0,8.57,40.77,2.89,27.89,30.86,9.37,4
1607122800,614.17,0,8.57,35.41,2.83,28.02,31.07,8.99,4
1607126400,627.52,0.19,8.4,31.11,2.86,27.05,30.17,8.74,4
1607130000,647.54,1.51,7.37,33.62,3.13,25.92,29.3,8.36,4
1607133600,667.57,1.79,6.94,50.78,3.43,29.25,32.81,8.49,4
1607137200,660.9,0.95,5.27,85.12,3.37,40.09,43.42,8.04,4
1607140800,547.41,0.34,2.36,103,2.8,43.06,45.17,4.18,4
1607144400,500.68,0.22,1.71,111.58,2.47,44.2,45.9,3.1,4
1607148000,480.65,0.2,1.61,118.73,2.35,46.18,47.72,2.98,4
1607151600,460.63,0.14,1.74,118.73,2.24,44.61,45.98,2.76,4
1607155200,433.92,0.13,1.8,113.01,2,37.24,38.42,2.44,4
1607158800,410.56,0.11,1.93,107.29,1.89,30.54,31.57,2.22,4
1607162400,413.9,0.06,2.83,101.57,2.06,27.24,28.32,2.95,4
1607166000,460.63,0,4.28,97.28,2.68,27.26,28.59,4.18,4
1607169600,494,0,5.14,87.98,3.19,24.42,26.02,5,3
1607173200,494,0,5.48,75.1,3.46,18.86,20.58,5.45,2
1607176800,494,0,5.57,67.23,3.73,16.9,18.77,5.45,2
1607180400,494,0,6.17,61.51,4.11,19.35,21.79,5.32,2
1607184000,507.36,0,7.28,57.22,4.53,23.65,26.91,6.14,3
1607187600,514.03,0,7.97,54.36,4.11,26.92,30.69,7.47,4
1607191200,507.36,0,7.88,52.21,3.34,28.73,32.71,8.49,4
1607194800,494,0,6.94,52.21,2.56,29.02,32.91,9.25,4
1607198400,480.65,0,6.34,52.21,2.12,27.88,31.59,9.63,4
1607202000,473.98,0,6.17,50.78,1.91,26.12,29.61,9.5,4
1607205600,460.63,0,6.08,48.64,1.73,23.98,27.26,9.12,3
1607209200,460.63,0,5.66,47.21,1.68,22.24,25.28,8.36,3
1607212800,467.3,0.02,5.57,46.49,1.83,21.06,24.04,7.41,3
1607216400,487.33,0.36,5.66,46.49,2.12,19.86,22.89,6.33,2
1607220000,527.38,0.91,5.44,55.08,2.5,21.42,24.51,6.02,3
1607223600,554.09,0.76,4.37,79.39,2.77,28.07,31.06,5.89,4
1607227200,494,0.32,2.19,98.71,2.35,30.41,32.43,3.99,4
1607230800,467.3,0.21,1.65,107.29,2.21,32.77,34.46,3.58,4
1607234400,467.3,0.18,1.61,115.87,2.21,36.66,38.3,3.52,4
1607238000,480.65,0.17,2.46,117.3,2.21,38.26,39.98,4.75,4
1607241600,500.68,0.18,3.98,110.15,2.3,35.88,37.81,7.28,4
1607245200,520.71,0.11,5.57,98.71,2.44,32.23,34.35,9.5,4
1607248800,614.17,0.02,9.43,82.25,3.1,30.99,33.87,14.57,4
1607252400,767.71,0,15.08,62.23,3.99,32.27,36.47,21.03,4
1607256000,894.55,0,19.54,47.21,4.71,33.99,39.62,25.59,4
1607259600,1054.76,0,28.1,33.62,7.27,39,47.22,28.63,4
1607263200,1241.68,0,40.1,25.39,10.49,48.97,60.34,25.59,4
1607266800,1375.2,0,52.78,21.99,14.19,61.27,75.87,16.97,5
1607270400,1415.25,0,65.8,19.49,22.17,72.9,90.41,12.67,5
1607274000,1214.98,0,58.26,17.52,20.27,63.78,79.03,11.78,5
1607277600,854.49,0,37.36,21.64,12.64,41.64,51.3,11.78,4
1607281200,587.46,0,18.34,30.76,5.48,23.06,28.05,11.91,3
1607284800,494,0,9.77,38.27,2.44,15.92,18.82,12.29,2
1607288400,473.98,0,7.54,41.84,1.67,14.29,16.67,12.67,2
1607292000,473.98,0,7.37,43.27,1.55,13.62,15.93,12.54,2
1607295600,467.3,0,6.94,45.06,1.55,13.02,15.26,11.53,2
1607299200,460.63,0.02,6.6,47.21,1.65,12.9,15.21,9.88,2
1607302800,453.95,0.18,6.77,49.35,1.86,12.48,14.91,8.36,2
1607306400,480.65,0.55,7.71,51.5,2.18,12.51,15.47,8.11,2
1607310000,487.33,0.89,7.63,60.08,2.33,12.71,16.39,7.47,2
1607313600,423.91,0.5,5.66,77.25,2.27,12.37,15.4,5.45,2
1607317200,410.56,0.53,6.77,85.12,3.99,13.99,17.09,5.19,2
1607320800,473.98,0.98,12.85,89.41,11.56,19.08,23.07,6.02,2
1607324400,560.76,0.96,22.62,87.26,21.7,24.65,29.28,6.78,3
1607328000,614.17,0.78,30.85,77.96,27.42,26.41,31.44,6.97,4
1607331600,614.17,0.42,33.24,67.95,27.9,24.17,29.36,6.71,3
1607335200,574.11,0.13,30.85,57.94,23.6,19.13,24.22,6.65,2
1607338800,554.09,0,26.05,47.92,16.69,14.41,18.94,6.9,2
1607342400,494,0,17.99,45.06,8.7,10.03,13.62,6.46,2
1607346000,440.6,0,12.51,46.49,5.07,7.7,10.8,5.83,1
1607349600,400.54,0,9.6,47.92,3.87,7.08,9.89,5.57,1
1607353200,373.84,0,7.8,47.92,2.92,7.14,9.61,5.45,1
1607356800,360.49,0,6.94,47.92,2.24,7.36,9.56,5.57,1
1607360400,357.15,0,6.86,46.49,1.94,7.34,9.3,5.89,1
1607364000,350.48,0,6.68,45.78,1.73,7.08,8.84,6.21,1
1607367600,350.48,0,5.91,45.42,1.31,7.04,8.7,6.78,1
1607371200,360.49,0,5.83,43.99,1.09,7.55,9.29,7.54,1
1607374800,370.5,0,6,41.84,1.1,8.32,10.21,8.23,1
1607378400,370.5,0,6.26,40.77,1.12,8.57,10.58,8.23,1
1607382000,363.83,0,5.74,42.92,1.15,8.42,10.39,8.04,1
1607385600,360.49,0.01,5.27,46.49,1.33,8.52,10.56,7.54,1
1607389200,357.15,0.14,5.91,52.21,1.65,8.79,11.08,5.7,1
1607392800,383.85,0.52,6.86,56.51,2.44,9.96,12.72,4.62,1
1607396400,403.88,0.82,6.86,65.09,3.43,12.08,15.15,4.02,2
1607400000,383.85,0.49,5.06,77.96,3.25,13.25,15.81,3.01,2
1607403600,367.17,0.3,4.67,82.25,3.07,12.83,15.01,2.57,2
1607407200,370.5,0.18,5.23,80.11,3.79,12.25,14.3,2.44,2
1607410800,370.5,0.09,4.63,77.96,3.52,10.99,12.64,2.22,2
1607414400,373.84,0.07,4.58,75.82,3.34,9.72,11.14,2.28,1
1607418000,390.53,0.04,5.48,75.1,4.41,9.88,11.29,2.53,1
1607421600,423.91,0.01,8.31,72.24,6.44,11.06,12.85,3.26,2
1607425200,467.3,0,12.17,65.09,8.23,12.99,15.62,4.5,2
1607428800,480.65,0,12.51,61.51,7.45,15.17,18.38,5.13,2
1607432400,487.33,0,12.34,60.08,7.15,18.32,22.22,5.57,2
1607436000,494,0,11.48,58.65,6.8,21.08,25.35,6.27,3
1607439600,494,0,10.37,57.22,5.84,22.54,26.81,6.97,3
1607443200,520.71,0,10.37,53.64,5.01,24.07,28.36,8.61,3
1607446800,560.76,0,11.65,47.92,4.53,25.84,30.1,10.89,4
1607450400,594.14,0,12.17,42.56,4.05,27.26,31.4,12.67,4
1607454000,614.17,0,11.65,38.98,3.28,29.02,33.09,14.31,4
1607457600,620.84,0,10.88,36.12,2.71,30.35,34.32,14.57,4
1607461200,600.82,0,10.2,34.33,2.41,30.38,34.19,13.55,4
1607464800,574.11,0,9.51,33.62,2.24,29.47,33.04,12.16,4
1607468400,560.76,0,8.57,34.33,2.27,28.37,31.64,11.27,4
1607472000,567.44,0.06,7.97,36.84,2.53,27.48,30.62,10.51,4
1607475600,587.46,0.48,8.31,42.2,2.92,26.52,29.83,8.99,4
1607479200,600.82,0.78,9,50.78,3.04,25.53,29.09,7.79,4
1607482800,580.79,0.75,8.65,63.66,2.83,24.37,27.75,6.59,3
1607486400,494,0.44,6.17,78.68,2.27,21.82,24.21,4.37,3
1607490000,460.63,0.42,5.83,87.26,2.12,22.07,24.37,4.18,3
1607493600,467.3,0.52,7.45,95.84,3.4,24.74,27.53,4.62,3
1607497200,487.33,0.34,8.14,103,4.59,27.68,30.57,5.38,4
1607500800,520.71,0.23,9.94,101.57,4.71,30.01,33,6.4,4
1607504400,547.41,0.18,14.91,94.41,5.13,32.32,35.59,6.97,4
1607508000,707.63,0.1,34.27,68.67,10.37,42.09,47.24,10.64,4
1607511600,1054.76,0.01,67.86,34.69,23.6,62.41,70.35,12.54,5
1607515200,1495.36,0.42,102.82,10.91,37.67,88.71,99.2,11.27,5
1607518800,2056.12,8.49,130.24,0.48,54.36,123,136.51,11.15,5
1607522400,2563.48,23.47,131.61,0,58.65,155.83,171.77,12.03,5
1607526000,2883.91,33.98,122.01,0,50.55,180.07,197.4,13.43,5
1607529600,3017.43,37.55,108.3,0,40.05,197.03,214.6,13.3,5
1607533200,2937.32,33.98,95.96,0,28.85,200.5,217.13,10.39,5
1607536800,2590.18,21.91,77.46,0,17.41,171.02,185.9,8.49,5
1607540400,1895.9,5.64,54.84,0.49,8.35,110,120.34,6.71,5
1607544000,1268.39,0.53,31.87,5.72,3.34,61.6,67.79,6.46,5
1607547600,727.65,0.02,14.91,18.77,1.55,27.43,30.85,6.33,4
1607551200,440.6,0,8.14,29.68,1.15,12.01,14.03,5.7,2
1607554800,413.9,0,6.94,32.54,1.22,9.86,11.69,6.14,1
1607558400,447.27,0.17,6.86,33.26,1.49,10.53,12.54,6.84,2
1607562000,507.36,1.38,7.11,35.76,2,12.06,14.79,8.04,2
1607565600,560.76,2.24,8.31,45.06,2.62,14.13,18.35,9.88,2
1607569200,620.84,2.54,11.48,65.09,5.78,19.7,25.96,11.02,2
1607572800,494,1.33,9,95.84,9.06,22.64,26.87,5.95,3
1607576400,547.41,1.31,12.51,125.89,17.17,37.05,41.22,5.26,4
1607580000,727.65,2.01,24.33,155.93,35.76,63.54,68.93,5.76,5
1607583600,827.79,1.76,30.85,170.23,42.92,79.29,85.38,5.76,5
1607587200,807.76,0.92,31.87,163.08,36.72,76.75,82.84,5.83,5
1607590800,741.01,0.22,29.82,143.05,27.66,65.33,70.83,5.95,5
1607594400,827.79,0,32.56,104.43,19.55,60.49,66.57,11.78,5
1607598000,1068.12,0,39.41,64.37,14.19,65.07,72.9,14.82,5
1607601600,1321.79,0,42.84,38.98,10.61,73.01,82.47,13.43,5
1607605200,1535.42,0.02,46.61,22.89,9.66,80.85,92.29,13.55,5
1607608800,1642.23,0.08,47.3,15.38,9.54,86.96,99.45,12.79,5
1607612400,1708.98,0.09,44.55,13.59,8.46,91.97,104.23,11.78,5
1607616000,1708.98,0.06,39.07,15.56,6.86,95.94,107.04,11.27,5
1607619600,1789.09,0.1,36.67,12.7,5.25,102.92,113.21,11.78,5
1607623200,1869.2,0.16,34.62,10.1,4.35,109.29,118.99,12.41,5
1607626800,1789.09,0.12,30.5,11.8,3.93,109.43,118.32,12.41,5
1607630400,1628.88,0.05,24.68,15.2,3.49,104.83,112.56,11.53,5
1607634000,1482.01,0.03,20.22,17.35,3.01,100.27,106.41,10.64,5
1607637600,1388.55,0.02,17.14,18.95,2.68,96.16,101.55,9.63,5
1607641200,1321.79,0.01,14.74,19.67,2.47,93.38,98.35,8.74,5
1607644800,1214.98,0.09,12.68,22.89,2.71,85.45,90.24,7.79,5
1607648400,921.25,0.44,8.31,43.99,3.13,56.71,60.19,5.76,5
1607652000,821.11,0.61,6.86,57.22,2.89,46.39,49.69,6.21,4
1607655600,761.03,0.44,5.27,71.53,2.35,42.07,45.24,7.09,4
1607659200,574.11,0.19,2.87,80.82,1.39,26.67,28.64,4.88,4
1607662800,507.36,0.1,2.36,81.54,1.16,19.37,20.81,4.18,2
1607666400,500.68,0.06,3.3,79.39,1.8,18.59,20.19,4.31,2
1607670000,567.44,0.04,6.68,70.81,2.77,20.93,23.21,7.47,3
1607673600,694.28,0.04,13.2,57.22,3.82,25.86,29.4,12.92,4
1607677200,834.47,0.02,25.02,41.49,8.7,32.49,37.45,17.23,4
1607680800,1068.12,0.01,47.3,23.6,24.8,45.23,51.58,19.25,4
1607684400,1455.31,0.4,80.88,8.23,44.82,68.17,76.68,16.72,5
1607688000,1789.09,1.3,104.19,2.48,50.55,92.04,103.22,11.78,5
1607691600,1922.61,1.41,102.82,2.3,39.1,110.44,125.82,8.99,5
1607695200,1842.5,0.48,77.46,5.59,24.32,120.79,139.65,8.49,5
1607698800,1735.69,0.05,52.78,13.23,15.02,131.78,150.88,8.23,5
1607702400,1668.93,0.01,37.36,20.92,9.66,143.71,159.79,7.73,5
1607706000,1642.23,0,30.85,23.25,7.03,148.01,160.95,7.85,5
1607709600,1575.47,0.01,28.79,21.28,5.9,143.22,154.31,8.36,5
1607713200,1495.36,0.01,25.71,20.21,4.71,132.43,141.54,8.36,5
1607716800,1388.55,0.01,21.08,23.25,3.67,119.1,125.74,7.35,5
1607720400,1201.63,0,16.45,28.25,3.13,100.5,104.59,6.02,5
1607724000,1001.36,0,12.17,32.19,2.68,80.33,82.99,5,5
1607727600,907.9,0,10.11,31.47,2.18,67.79,69.97,5.19,5
1607731200,854.49,0.01,9.08,30.04,1.89,60.69,62.91,5.45,5
1607734800,854.49,0.14,9.34,28.97,1.89,57.23,59.95,6.21,5
1607738400,867.84,0.37,9.85,30.4,1.97,56.11,59.42,6.97,5
1607742000,907.9,0.53,10.28,35.76,2.12,57.26,61.15,7.28,5
1607745600,794.41,0.23,6.26,56.51,2.27,60.06,62.08,1.85,5
1607749200,754.36,0.17,5.14,63.66,2.12,55.4,56.93,1.54,5
1607752800,754.36,0.22,6.94,66.52,3.28,52.86,54.68,2.22,5
1607756400,894.55,0.4,13.54,61.51,6.08,59.09,62.07,8.36,5
1607760000,1121.52,0.46,20.39,51.5,8.11,71.6,76.3,13.81,5
1607763600,1348.5,0.31,28.1,43.99,12.52,84.86,91.08,19,5
1607767200,1548.77,0.08,39.41,37.91,18.36,99.81,107.44,28.37,5
1607770800,1708.98,0,40.1,25.39,16.45,110.99,119.55,27.11,5
1607774400,1762.39,0.03,34.27,16.99,11.8,112.44,120.99,20.52,5
1607778000,1762.39,0.18,29.13,11.09,7.99,112.14,121.03,16.09,5
1607781600,1762.39,0.37,26.39,7.78,5.96,112.28,121.64,13.93,5
1607785200,1735.69,0.43,25.02,6.97,4.83,111.53,121.11,12.16,5
1607788800,1695.63,0.38,24.68,7.24,4.05,108.6,117.6,10.89,5
1607792400,1628.88,0.36,23.31,6.88,3.16,102.4,109.26,10.26,5
1607796000,1548.77,0.28,20.56,7.51,2.44,94.93,100.13,9.88,5
1607799600,1441.96,0.18,16.97,9.03,1.91,83.48,87.63,9.25,5
1607803200,1415.25,0.16,15.42,9.12,1.59,77.54,81.13,8.74,5
1607806800,1455.31,0.15,15.94,8.76,1.46,77.1,80.52,8.36,5
1607810400,1508.71,0.12,16.28,9.03,1.39,78.55,81.73,7.79,5
1607814000,1562.12,0.11,15.94,8.94,1.37,80.31,83.43,7.79,5
1607817600,1602.17,0.08,15.42,10.73,1.52,83.18,86.43,7.98,5
1607821200,1455.31,0.02,12.34,25.03,1.74,77.98,80.82,6.46,5
1607824800,1375.2,0.04,11.14,31.83,1.94,71.42,74.02,6.14,5
1607828400,1348.5,0.07,10.88,33.26,2.03,67.93,70.47,6.21,5
1607832000,1041.41,0.06,7.11,51.5,1.65,53.22,55.25,4.56,5
1607835600,894.55,0.05,5.48,58.65,1.4,44.56,46.2,4.37,4
1607839200,867.84,0.06,6.26,57.22,1.71,41.76,43.6,4.81,4
1607842800,881.2,0.08,8.23,56.51,2.95,42.27,44.33,5.51,4
1607846400,921.25,0.08,11.31,55.79,4.53,45.19,47.47,6.4,4
1607850000,988.01,0.06,17.82,55.08,9.18,52.09,54.86,6.97,5
1607853600,1174.93,0.02,29.82,45.78,15.14,67.84,72.06,8.99,5
1607857200,1401.9,0,35.3,34.33,14.42,85.86,91.66,9.75,5
1607860800,1575.47,0,32.56,28.97,10.97,99.18,105.81,9.63,5
1607864400,1735.69,0,31.87,26.11,9.18,116.52,124.82,10.89,5
1607868000,1922.61,0.01,33.59,23.25,7.99,143.93,154.93,11.53,5
1607871600,2136.23,0.02,35.3,19.49,7.03,176.96,191.56,11.91,5
1607875200,2296.45,0.04,35.99,16.81,6.62,213.63,231.95,11.53,5
1607878800,2429.96,0.05,36.33,15.02,6.97,240.65,262.18,10.39,5
1607882400,2349.85,0.13,36.67,10.28,8.58,227.41,251.62,9.63,5
1607886000,2082.82,0.6,34.27,4.87,9.3,179.04,203.49,9.75,5
1607889600,1922.61,2.71,31.87,1.03,9.06,146,170.47,11.27,5
1607893200,1842.5,8.16,30.16,0.06,10.25,128.87,152.86,13.68,5
1607896800,1922.61,17.66,29.47,0,13.35,131.88,154.4,15.45,5
1607900400,2002.72,25.03,30.85,0,17.64,143.8,166.22,13.93,5
1607904000,1922.61,25.48,40.44,0.18,27.42,150.52,172,10.39,5
1607907600,1588.82,22.35,60.32,3.17,45.3,143.03,162.97,5.32,5
1607911200,1762.39,22.8,64.43,5.41,45.3,164.37,184.63,5,5
1607914800,2082.82,20.79,73.34,4.2,50.55,188.31,208.45,5.89,5
1607918400,1415.25,6.26,52.09,31.47,33.38,110.76,120.58,4.05,5
1607922000,1108.17,2.99,33.24,65.09,23.13,79.18,84.69,3.64,5
1607925600,1014.71,1.68,22.62,108.72,20.27,73.51,77.97,3.71,5
1607929200,988.01,0.84,15.94,147.34,16.93,78.34,82.85,6.02,5
1607932800,1041.41,0.68,18.51,165.94,18.6,91.02,96.68,8.74,5
1607936400,1068.12,0.65,26.73,155.93,25.75,94.15,101.07,9.25,5
1607940000,1188.28,0.4,40.44,100.14,26.23,85.39,94.87,19.76,5
1607943600,1455.31,0.02,57.58,55.79,27.9,88.37,101.33,40.53,5
1607947200,1789.09,0,69.23,33.26,28.13,102.89,119.2,63.33,5
1607950800,2136.23,0.08,80.88,17.35,29.09,120.26,140.43,88.16,5
1607954400,2296.45,1.98,82.25,3.26,27.18,123.84,148.41,94.24,5
1607958000,2189.64,7.49,61.01,0.21,19.07,111.64,139.56,63.33,5
1607961600,1455.31,3.8,39.07,0.98,12.16,65.36,91.59,11.53,5
1607965200,1308.44,5.53,30.85,0.37,10.61,58.17,82.36,8.23,5
1607968800,1228.33,7.26,28.1,0.17,11.92,55.44,77.75,8.11,5
1607972400,1081.47,5.81,28.1,0.16,13.83,49.93,69.5,7.85,4
1607976000,1001.36,3.91,25.71,0.22,10.13,46.48,63.21,7.47,4
1607979600,934.6,2.04,23.65,0.87,6.62,43.25,55.53,6.71,4
1607983200,867.84,0.62,22.28,3.31,4.83,40.99,49.41,5.89,4
1607986800,807.76,0.27,20.22,5.81,4.05,39.54,46.06,5.45,4
1607990400,767.71,0.48,17.82,6.44,3.64,38.78,44.19,5.38,4
1607994000,767.71,2.35,14.74,9.3,3.76,40.71,45.65,5.07,4
1607997600,787.74,2.71,14.74,15.74,4.11,44.39,49.02,4.81,4
1608001200,814.44,1.55,15.25,32.9,4.23,49.2,53.67,5.19,4
1608004800,634.19,0.43,8.82,68.67,3.13,40.71,43.03,2.6,4
1608008400,560.76,0.19,4.67,87.26,2.3,33.82,35.28,2.63,4
1608012000,540.73,0.15,3.64,97.28,1.94,32.89,34.27,3.07,4
1608015600,600.82,0.19,5.1,95.84,2.12,35.13,36.94,6.14,4
1608019200,714.3,0.17,7.88,85.12,2.53,40.78,43.41,8.99,4
1608022800,821.11,0.06,11.48,77.96,3.87,48.42,51.78,8.49,4
1608026400,1014.71,0,21.42,60.8,6.68,65.5,70.49,8.99,5
1608030000,1255.04,0,29.47,33.98,6.91,82.11,89.02,10.26,5
1608033600,1455.31,0.04,33.59,19.13,7.03,93.89,102.12,10.89,5
1608037200,1602.17,0.15,38.73,12.88,8.11,108,117.39,10.51,5
1608040800,1735.69,0.26,41.47,9.74,8.7,116.31,125.56,9.63,5
1608044400,1815.8,0.25,39.41,8.67,8.35,113.56,121.87,8.99,5
1608048000,1762.39,0.14,32.9,11.09,7.63,103.98,111.3,8.36,5
1608051600,1708.98,0.24,27.76,9.12,5.07,95.86,103,9.63,5
1608055200,1682.28,0.41,23.99,6.71,3.4,87.36,94.33,10.89,5
1608058800,1562.12,0.5,20.22,5.68,2.44,75.31,81.65,11.15,5
1608062400,1361.85,0.61,16.97,4.65,1.91,60.73,66.9,10.01,5
1608066000,1161.58,0.78,14.74,3.26,1.67,47.21,53.16,8.99,4
1608069600,988.01,0.91,13.37,2.41,1.55,35.92,41.6,8.04,4
1608073200,867.84,0.95,12.34,2.33,1.57,28.78,34.27,7.66,4
1608076800,787.74,0.99,11.82,4.11,1.83,24.13,29.67,7.35,3
1608080400,720.98,2.74,9.6,10.28,2.41,20.03,26.65,7.03,3
1608084000,814.44,6.87,11.31,15.2,5.84,22.35,32.24,8.36,3
1608087600,1041.41,9.84,18.85,32.19,11.68,31.31,44.59,10.26,4
1608091200,687.6,2.68,14.22,76.53,11.8,26.81,34.1,4.75,4
1608094800,587.46,0.96,10.88,95.84,10.13,27.22,33.29,3.99,4
1608098400,587.46,0.78,13.88,98.71,13.71,29.79,36.62,4.43,4
1608102000,580.79,0.59,14.74,98.71,14.66,29.35,36.16,4.69,4
1608105600,587.46,0.85,16.28,100.14,15.02,29.7,36.26,5.26,4
1608109200,674.25,1.13,24.33,105.86,23.37,37.49,44.95,6.52,4
1608112800,894.55,0.75,42.16,101.57,36.72,56.93,67.28,9.63,5
1608116400,1228.33,0.03,61.01,81.54,42.44,90.4,105.21,12.29,5
1608120000,1495.36,0,62.38,67.23,35.29,136.86,154.89,9.75,5
1608123600,1815.8,0.01,62.38,37.55,19.07,161.75,183.22,10.13,5
1608127200,2243.04,0.56,64.43,8.49,11.09,179.63,205.73,14.31,5
1608130800,2670.29,4.14,63.06,0.39,10.49,199.36,228.69,23.81,5
1608134400,2990.72,8.49,61.01,0.02,10.85,206.04,235.23,32.42,5
1608138000,3044.13,11.4,50.04,0.01,7.03,191.63,216.95,21.28,5
1608141600,2803.8,11.74,38.39,0.03,4.47,156.71,175.82,12.16,5
1608145200,1789.09,2.38,34.27,1.74,4.05,82.08,93.31,9.12,5
1608148800,1201.63,0.47,22.96,5.99,2.47,46.51,53.86,9.25,4
1608152400,907.9,0.18,16.45,10.1,2,30.3,35.58,9.75,4
1608156000,754.36,0.12,13.54,12.34,1.82,22.43,27.02,9.37,3
1608159600,667.57,0.11,12,12.88,1.97,18.54,23.02,8.36,2
1608163200,607.49,0.49,10.8,14.84,2.71,15.68,20.26,7.16,2
1608166800,574.11,3.27,9.85,20.21,5.84,13.3,18.74,6.21,2
1608170400,707.63,6.37,13.88,23.6,10.97,16.7,23.93,7.35,2
1608174000,774.38,6.87,18.17,33.98,16.21,20.76,28.86,7.79,3
1608177600,567.44,1.61,14.4,50.78,11.44,17.54,22.43,4.56,2
1608181200,500.68,1.54,11.14,63.66,10.25,17.75,21.64,3.71,2
1608184800,494,1.52,10.54,84.4,12.88,22.33,26.32,3.52,3
1608188400,460.63,0.81,7.88,104.43,11.09,25.28,28.88,3.2,4
1608192000,440.6,0.52,8.05,103,8.82,24.27,27.56,3.33,3
1608195600,453.95,0.44,11.82,90.84,9.78,22.26,25.48,3.77,3
1608199200,774.38,0.79,26.39,43.99,10.85,30.25,36.73,13.93,4
1608202800,1321.79,1.41,43.87,7.78,11.8,47.7,59.9,22.8,4
1608206400,1842.5,8.49,45.24,0.14,10.97,68.26,86.56,25.84,5
1608210000,2349.85,18.11,44.55,0,10.61,90.69,116.7,25.33,5
1608213600,2723.69,25.48,41.13,0,9.06,103.54,133.17,22.04,5
1608217200,2536.77,22.35,35.64,0.01,6.62,91.25,115.74,20.52,5
1608220800,1268.39,0.7,30.16,9.92,5.6,36.84,47.16,13.43,4
1608224400,734.33,0,15.77,23.96,3.1,20.34,26.06,10.64,3
1608228000,534.06,0,11.65,28.25,2.98,14.09,17.73,8.87,2
1608231600,433.92,0,8.82,33.26,3.07,10.24,12.52,7.41,2
1608235200,417.23,0,8.65,34.33,2.8,9.35,11.53,7.66,1
1608238800,423.91,0,10.37,32.9,3.43,9.63,12.18,7.92,1
1608242400,440.6,0,12.85,29.68,4.83,10.24,13.28,8.04,2
1608246000,453.95,0,13.37,28.61,5.31,10.41,13.65,8.04,2
1608249600,473.98,0.04,13.02,28.61,4.83,10.64,14.28,8.23,2
1608253200,547.41,0.99,15.25,24.68,6.68,12.37,17.71,8.74,2
1608256800,707.63,4.3,19.02,21.82,12.88,16.83,24.59,10.01,2
1608260400,841.14,7.6,22.62,31.47,20.74,22.85,32.22,10.26,3
1608264000,660.9,1.66,19.71,55.79,16.21,21.39,27.63,6.02,3
1608267600,587.46,0.92,16.79,63.66,12.99,20.74,26.06,4.81,3
1608271200,554.09,0.87,15.59,65.8,11.92,19.8,24.7,4.24,2
1608274800,507.36,0.33,11.31,67.23,7.63,16.37,19.88,4.12,2
1608278400,494,0.13,9.17,62.23,4.47,13.81,16.38,4.75,2
1608282000,500.68,0.05,9.51,54.36,3.31,12.28,14.52,5.45,2
1608285600,801.09,0.09,21.08,25.75,4.77,20.16,24.61,15.83,3
1608289200,1321.79,3.07,33.93,2.84,7.15,36.71,44.81,27.11,4
1608292800,1789.09,12.85,32.9,0.02,9.42,55.67,67.14,40.53,5
1608296400,2136.23,22.35,32.56,0,12.16,74.82,89.72,55.22,5
1608300000,2376.56,29.5,27.76,0,10.49,90.04,107.27,46.1,5
1608303600,2403.26,28.61,22.28,0,6.56,92.45,110.1,24.83,5
1608307200,2109.53,17.66,21.94,0,4.23,76.61,91.18,13.68,5
1608310800,1869.2,12.07,23.99,0.04,3.31,64.4,76.37,11.15,5
1608314400,1468.66,4.64,25.71,1.4,2.8,46.14,54.38,12.16,4
1608318000,660.9,0.01,11.65,25.75,2.15,17.07,19.89,8.61,2
1608321600,487.33,0,6.6,34.33,1.86,11.55,13.24,7.47,2
1608325200,473.98,0,6.68,33.98,1.94,11.09,12.84,6.84,2
1608328800,487.33,0,7.88,30.76,2.47,11.27,13.31,6.27,2
1608332400,514.03,0,8.65,26.82,2.98,11.59,13.83,6.08,2
1608336000,540.73,0.07,9.68,22.71,3.46,12.03,14.47,5.95,2
1608339600,594.14,0.64,12.34,17.35,5.25,12.83,16.04,5.76,2
1608343200,660.9,1.52,14.91,16.81,7.63,14.45,18.34,5.89,2
1608346800,674.25,1.66,15.59,22.53,8.46,15.61,19.61,5.51,2
1608350400,587.46,0.66,11.82,36.48,5.96,14.92,17.43,3.2,2
1608354000,547.41,0.42,9.85,47.92,4.47,15.98,18.01,2.38,2
1608357600,514.03,0.34,8.23,58.65,4.11,17.56,19.37,2.15,2
1608361200,480.65,0.13,5.57,68.67,3.43,17.3,18.71,2.15,2
1608364800,447.27,0.06,4.67,70.1,2.68,13.18,14.41,2.6,2
1608368400,427.25,0.04,5.06,66.52,2.65,9.28,10.48,3.17,1
1608372000,413.9,0.01,5.91,62.23,3.13,7.13,8.38,3.58,1
1608375600,410.56,0,6.6,57.94,3.52,6.22,7.55,3.9,1
1608379200,410.56,0,6.43,56.51,3.4,5.68,7.07,3.99,1
1608382800,440.6,0,6.43,56.51,4.17,6.42,7.99,3.9,1
1608386400,480.65,0,6.51,56.51,5.31,8.34,9.95,3.74,1
1608390000,507.36,0,7.03,52.93,6.26,9,10.62,3.58,1
1608393600,507.36,0,7.8,48.64,6.26,8.25,9.79,3.71,1
1608397200,500.68,0,8.48,44.7,5.6,7.53,8.94,4.24,1
1608400800,494,0,8.4,41.49,4.77,7.1,8.39,4.81,1
1608404400,487.33,0,7.63,39.7,3.87,7.17,8.4,5.57,1
1608408000,494,0,7.28,37.91,3.43,7.46,8.71,6.27,1
1608411600,500.68,0,7.11,36.12,3.22,7.52,8.74,6.46,1
1608415200,480.65,0,6.68,35.41,2.8,7.13,8.34,6.14,1
1608418800,453.95,0,5.74,36.48,2.33,6.39,7.57,5.64,1
1608422400,433.92,0.02,5.18,38.62,2.03,5.83,7.11,5.19,1
1608426000,413.9,0.24,4.88,40.77,1.88,5.4,6.82,4.69,1
1608429600,400.54,0.56,4.41,45.42,1.73,5.15,6.71,4.31,1
1608433200,370.5,0.51,3.26,55.79,1.48,5.1,6.56,3.67,1
1608436800,330.45,0.18,2.12,63.66,1.15,4.67,5.74,2.6,1
1608440400,320.44,0.15,1.8,67.95,1.01,4.55,5.57,2.25,1
1608444000,320.44,0.14,1.78,73.67,1.07,4.91,5.93,2.09,1
1608447600,327.11,0.11,1.67,80.11,1.12,5.83,6.78,1.96,2
1608451200,330.45,0.09,1.86,82.97,1.1,6.58,7.5,2.01,2
1608454800,337.12,0.06,2.27,81.54,1.21,6.87,7.78,2.12,2
1608458400,357.15,0.03,3.13,77.25,1.52,7.2,8.14,2.38,1
1608462000,390.53,0,4.24,72.24,1.94,7.58,8.68,2.82,1
1608465600,403.88,0,4.71,66.52,2.18,7.54,8.81,3.2,1
1608469200,397.21,0,4.97,61.51,2.47,7.38,8.85,3.39,1
1608472800,390.53,0,4.8,59.37,2.44,7.03,8.52,3.45,1
1608476400,383.85,0,4.58,57.94,2.27,6.71,8.15,3.55,1
1608480000,380.52,0,4.54,57.22,2.09,6.24,7.58,3.83,1
1608483600,383.85,0,4.71,55.08,1.94,5.88,7.1,4.31,1
1608487200,387.19,0,4.88,52.93,1.79,5.55,6.72,4.88,1
1608490800,390.53,0,4.58,50.78,1.68,5.35,6.5,5.38,1
1608494400,390.53,0,4.41,49.35,1.59,5.18,6.3,5.57,1
1608498000,390.53,0,4.37,47.21,1.59,5.2,6.35,5.51,1
1608501600,387.19,0,4.24,45.78,1.61,5.28,6.48,5.13,1
1608505200,390.53,0,3.94,45.78,1.65,5.13,6.3,4.69,1
1608508800,393.87,0.01,4.03,45.78,1.79,4.86,6.1,4.31,1
1608512400,407.22,0.17,4.41,47.21,1.97,4.88,6.27,3.96,1
1608516000,417.23,0.45,4.11,52.93,2,5.59,7.15,3.55,1
1608519600,403.88,0.45,3.04,65.8,1.79,7.56,9.15,2.91,1
1608523200,370.5,0.29,1.65,78.68,1.55,10.17,11.37,2.09,2
1608526800,360.49,0.21,1.29,85.83,1.52,12.06,13.09,1.9,2
1608530400,360.49,0.18,1.21,88.69,1.52,12.51,13.46,1.84,2
1608534000,370.5,0.17,1.39,89.41,1.59,12.46,13.35,2.12,2
1608537600,380.52,0.19,1.89,85.83,1.67,11.55,12.48,2.69,2
1608541200,380.52,0.17,2.51,79.39,1.7,9.97,10.94,3.14,1
1608544800,383.85,0.05,3.56,70.1,1.82,8.04,9.06,3.45,1
1608548400,393.87,0,4.67,62.23,1.97,7,8.15,3.64,1
1608552000,400.54,0,5.1,60.08,2.06,6.95,8.26,3.74,1
1608555600,410.56,0,5.74,57.94,2.5,7.53,9.25,3.86,1
1608559200,413.9,0,5.66,57.22,2.68,7.84,9.67,4.02,1
1608562800,410.56,0,5.27,56.51,2.47,7.39,9.16,4.05,1
1608566400,400.54,0,4.88,55.79,2.12,6.76,8.31,4.12,1
1608570000,390.53,0,4.41,55.08,1.74,6.07,7.32,4.24,1
1608573600,373.84,0,3.68,54.36,1.54,5.29,6.27,4.37,1
1608577200,360.49,0,3.09,55.79,1.43,4.67,5.45,4.18,1
1608580800,360.49,0,2.83,57.22,1.42,5.03,5.7,3.93,1
1608584400,370.5,0,2.83,57.94,1.55,6.65,7.31,3.71,1
1608588000,387.19,0,2.87,57.94,1.74,9.09,9.76,3.48,1
1608591600,403.88,0,2.87,57.94,1.94,11.41,12.11,3.23,2
1608595200,423.91,0,3.13,58.65,2.18,12.84,13.7,3.04,2
1608598800,453.95,0.02,3.86,58.65,2.5,13.92,14.78,2.72,2
1608602400,480.65,0.07,4.5,57.94,2.68,15.59,16.41,2.66,2
1608606000,500.68,0.13,4.54,57.94,2.74,18.25,19.1,2.6,2
1608609600,494,0.16,4.2,58.65,2.68,20.44,21.41,2.63,3
1608613200,487.33,0.14,3.81,61.51,2.59,21.04,22.24,2.85,3
1608616800,467.3,0.09,3.38,65.8,2.44,19.99,21.19,2.63,2
1608620400,447.27,0.07,2.91,71.53,2.38,17.38,18.49,2.31,2
1608624000,440.6,0.06,3.13,72.24,2.53,14.86,15.92,2.63,2
1608627600,433.92,0.05,3.68,68.67,2.77,12.3,13.39,3.07,2
1608631200,440.6,0.01,4.41,63.66,3.01,11.9,13.06,3.36,2
1608634800,453.95,0,5.01,61.51,3.31,13.36,14.54,3.29,2
1608638400,460.63,0,4.97,61.51,3.64,15.33,16.6,3.07,2
1608642000,453.95,0,4.97,60.08,3.61,16.24,17.85,3.07,2
1608645600,453.95,0,5.01,57.94,3.55,15.63,17.47,3.64,2
1608649200,447.27,0,4.97,55.79,3.37,14.25,16.08,4.18,2
1608652800,440.6,0,5.01,53.64,3.1,12.68,14.42,4.75,2
1608656400,433.92,0,5.31,51.5,2.74,11.15,12.73,5.19,2
1608660000,427.25,0,5.44,49.35,2.41,10.01,11.46,5.64,2
1608663600,427.25,0,5.06,47.92,2.27,9.57,10.87,6.33,1
1608667200,440.6,0,5.18,45.42,2.15,9.7,10.96,7.41,1
1608670800,453.95,0,5.57,42.92,2.06,10.19,11.59,8.04,2
1608674400,467.3,0,6,40.41,2,10.94,12.49,8.36,2
1608678000,473.98,0,6.17,38.62,2,11.6,13.29,8.23,2
1608681600,494,0.01,6.86,36.84,2.24,12.62,14.62,8.11,2
1608685200,534.06,0.25,7.97,35.41,2.65,14.2,16.67,8.11,2
1608688800,574.11,0.66,8.31,38.27,2.89,16.07,18.87,7.92,2
1608692400,567.44,0.75,7.03,48.64,2.77,17.68,20.46,6.78,2
1608696000,473.98,0.34,4.41,61.51,2.03,15.95,18.03,4.37,2
1608699600,427.25,0.23,3.56,67.95,1.68,14.77,16.66,3.74,2
1608703200,413.9,0.23,4.2,71.53,1.85,15.14,17.26,3.67,2
1608706800,407.22,0.08,4.93,71.53,2.44,14.34,16.32,3.52,2
1608710400,433.92,0.09,8.65,63.66,4.95,14.33,16.48,3.86,2
1608714000,514.03,0.13,18.34,50.78,13.35,16.98,19.89,4.81,2
1608717600,767.71,0.25,41.47,27.54,30.28,25.86,30.81,8.61,4
1608721200,1134.87,1.45,62.38,6.17,42.44,37.84,45.31,12.29,4
1608724800,1468.66,9.84,65.12,0.15,44.35,48.35,57.88,11.78,4
1608728400,1789.09,23.69,60.32,0,41.96,59.39,71.58,10.26,5
1608732000,1949.31,32.19,53.47,0,34.81,67.62,82,10.01,5
1608735600,1976.01,33.98,46.61,0,27.42,72.63,88.52,10.64,5
1608739200,2029.42,35.32,41.47,0,21.94,79.27,96.31,12.29,5
1608742800,2136.23,40.68,38.04,0,20.5,90.49,108.46,14.19,5
1608746400,2269.75,48.28,35.99,0,22.17,102.68,121.83,16.47,5
1608750000,2349.85,53.2,33.24,0,20.03,112.63,132.24,17.48,5
1608753600,2376.56,55.43,30.85,0,16.45,117.03,135.48,14.57,5
1608757200,2269.75,53.2,30.16,0,14.07,114.48,129.68,11.91,5
1608760800,2056.12,45.6,29.13,0,12.4,103.28,116.74,10.01,5
1608764400,1815.8,34.87,26.05,0,10.01,88.63,101.75,8.74,5
1608768000,1535.42,24.14,23.31,0.19,9.18,72.56,85.94,7.6,5
1608771600,1241.68,19,24.68,3.89,16.21,55.97,69.52,6.71,5
1608775200,1361.85,25.71,32.22,11.27,30.99,60.42,77.17,8.74,5
1608778800,1508.71,26.15,50.04,29.33,52.45,67.65,85.48,11.27,5
1608782400,867.84,8.49,35.64,72.96,40.53,37.45,46.24,6.52,4
1608786000,567.44,2.82,20.22,100.14,25.75,27.64,32.83,4.56,4
1608789600,427.25,1.33,13.2,100.14,17.64,19.6,22.86,3.48,2
1608793200,373.84,1.05,10.8,90.84,12.88,13.66,16.02,2.95,2
1608796800,377.18,1.24,11.48,85.83,12.4,12.68,15.07,2.98,2
1608800400,390.53,1.37,13.02,77.25,12.28,12.58,15.21,3.14,2
1608804000,473.98,1.41,22.28,59.37,16.69,14.64,18.3,4.56,2
1608807600,667.57,0.26,41.47,33.26,26.94,20.26,26.15,6.9,3
1608811200,754.36,0,45.24,21.46,28.13,23.78,31.39,7.66,3
1608814800,834.47,0.01,47.3,15.74,29.33,28.45,38.52,8.36,4
1608818400,974.66,0.1,51.41,9.57,31.47,35.32,48.52,9.37,4
1608822000,1108.17,0.69,55.52,4.25,34.81,42.47,58.47,9.88,4
1608825600,1255.04,4.08,53.47,0.74,32.42,50.91,68.83,9.75,5
1608829200,1415.25,11.4,46.61,0.04,26.7,60.13,79.46,10.01,5
1608832800,1562.12,19.22,40.78,0,22.65,67.19,87.47,11.15,5
1608836400,1735.69,26.82,33.59,0,15.5,77.15,98.8,15.58,5
1608840000,2002.72,35.32,26.05,0,9.78,93.65,117.13,23.81,5
1608843600,2269.75,43.81,21.42,0,8.58,111.56,136.88,37.49,5
1608847200,2536.77,51.86,19.71,0,9.18,130.78,157.72,49.14,5
1608850800,2830.51,60.8,16.28,0,7.15,151.24,179.27,33.95,5
1608854400,3044.13,67.95,14.57,0.02,6.5,168.44,197.06,16.47,5
1608858000,2082.82,49.62,39.07,1.06,31.47,128.18,152.79,8.74,5
1608861600,1976.01,58.12,40.44,2.19,47.68,118.21,143.62,10.26,5
1608865200,2056.12,65.27,46.61,3,65.8,109.8,136.27,13.55,5
1608868800,1174.93,21.68,47.3,13.23,48.64,51.84,64.79,7.6,5
1608872400,801.09,7.6,40.1,26.11,36.72,27.48,35.2,5.95,4
1608876000,634.19,4.47,33.93,38.27,33.85,18.33,24.33,5.38,2
1608879600,520.71,2.77,25.36,56.51,28.85,14.32,18.59,4.56,2
1608883200,494,2.35,22.96,65.8,26.7,13.67,17.07,4.31,2
1608886800,487.33,2.18,23.65,66.52,26.23,13.35,16.75,4.56,2
1608890400,600.82,2.01,33.24,48.64,27.42,15.69,20.54,7.79,2
1608894000,921.25,0.65,61.69,16.27,40.05,24.76,32.51,12.41,3
1608897600,1268.39,3.97,76.08,1.2,49.11,35.41,45.7,14.44,4
1608901200,1495.36,15.42,69.92,0.02,47.21,45.01,58.68,14.31,4
1608904800,1815.8,28.61,58.95,0,39.1,58.88,77.78,14.31,5
1608908400,2162.93,38.89,52.78,0,31.95,77.09,101.82,13.93,5
1608912000,2563.48,46.94,49.35,0,27.42,98.19,128.51,13.43,5
1608915600,2937.32,55.43,47.98,0,27.18,120.82,155.83,12.54,5
1608919200,3044.13,60.8,45.24,0,28.37,131.41,167,11.4,5
1608922800,2696.99,54.99,40.1,0,24.32,119.7,151.31,10.89,5
1608926400,2296.45,46.49,33.93,0,17.41,104.81,131.71,11.65,5
1608930000,2002.72,41.13,28.79,0,13.47,94.07,117.6,13.17,5
1608933600,1842.5,39.79,25.02,0,12.76,88.61,110.11,13.81,5
1608937200,1789.09,42.02,22.62,0,13.71,89.75,110.56,12.41,5
1608940800,1815.8,43.36,25.36,0.2,18.12,93.42,114.46,10.64,5
1608944400,1468.66,33.08,35.64,5.72,32.42,79.29,98.38,7.73,5
1608948000,1335.14,24.14,36.33,18.06,30.28,73.57,91.69,7.79,5
1608951600,1281.74,11.29,41.47,55.08,27.18,76.9,93.79,8.74,5
1608955200,801.09,2.12,19.54,113.01,14.66,53.51,62.04,5.13,5
1608958800,634.19,0.7,13.88,135.9,13.83,44.74,50.25,4.24,4
1608962400,674.25,0.39,21.59,133.04,25.75,44.12,49.7,4.94,4
1608966000,667.57,0.35,27.42,104.43,32.9,34.99,40.74,5.45,4
1608969600,600.82,0.24,28.79,76.53,29.8,24.84,30.34,5.51,3
1608973200,547.41,0.13,27.42,57.22,24.08,17.65,22.9,5.64,2
1608976800,540.73,0.09,26.73,43.63,17.64,15.84,22.09,8.36,2
1608980400,580.79,0.01,24.68,36.84,10.85,18.33,26.37,12.29,2
1608984000,627.52,0,19.02,37.55,6.08,22.05,30.75,13.93,3
1608987600,647.54,0,17.14,38.62,4.59,24.85,33.96,12.03,3
1608991200,647.54,0,16.79,38.62,4.35,26.59,36.84,9.88,4
1608994800,647.54,0,16.11,38.98,4.17,28.28,39.5,8.36,4
1608998400,660.9,0,15.59,37.55,3.82,30.59,42.14,7.35,4
1609002000,707.63,0,16.62,32.54,3.37,34.52,46.29,7.6,4
1609005600,787.74,0.01,18.68,25.75,3.25,40.37,52.95,8.74,4
1609009200,867.84,0.02,19.36,20.92,3.01,45.88,58.82,9.88,4
1609012800,907.9,0.04,18.68,16.99,2.53,49.38,61.85,9.88,4
1609016400,934.6,0.08,17.65,13.77,2.21,50.79,62.59,9.37,5
1609020000,934.6,0.13,16.62,11.09,2,50.19,61.78,8.87,5
1609023600,947.95,0.19,15.42,8.76,1.94,48.9,60.87,8.61,4
1609027200,974.66,0.55,14.57,6.97,2.09,48.06,60.9,8.49,4
1609030800,934.6,2.71,11.31,17.17,2.5,44.18,57.95,6.97,4
1609034400,988.01,3.74,10.63,30.04,2.86,47.99,62.24,7.22,4
1609038000,1041.41,2.29,10.2,60.08,3.1,61.93,76.27,7.73,5
1609041600,767.71,0.54,4.33,97.28,2.5,63,74.34,5.19,5
1609045200,654.22,0.22,2.21,110.15,2.21,62.98,71.58,4.31,5
1609048800,647.54,0.16,1.86,118.73,2.24,67.56,74.13,4.31,5
1609052400,654.22,0.13,1.93,121.59,2.24,71.06,75.91,4.5,5
1609056000,654.22,0.09,2.44,117.3,2.21,69.15,72.94,5.13,5
1609059600,660.9,0.04,3.17,111.58,2.18,65.7,69.1,6.02,5
1609063200,700.95,0,7.03,100.14,4.05,65.93,70.04,7.6,5
1609066800,847.82,0,18.68,85.83,12.76,79.13,86.07,10.39,5
1609070400,947.95,0,23.31,74.39,15.5,86.81,96.48,10.77,5
1609074000,814.44,0,18.17,53.64,9.54,64.33,73.74,7.6,5
1609077600,707.63,0,15.08,44.7,6.97,47.72,56.9,6.02,4
1609081200,667.57,0,14.91,43.27,7.09,42.29,51.72,5.64,4
1609084800,707.63,0,16.79,37.19,6.68,41.75,52.01,6.08,4
1609088400,787.74,0.01,19.54,27.54,5.6,44.19,55.53,7.35,4
1609092000,867.84,0.04,21.94,19.31,5.07,46.99,59.58,9.37,4
1609095600,934.6,0.08,21.08,15.02,3.99,49.4,62.66,10.77,4
1609099200,921.25,0.08,18.17,14.66,2.95,49.36,62.21,9.75,4
1609102800,867.84,0.04,15.42,16.99,2.38,46.43,58.2,8.36,4
1609106400,761.03,0.02,12.85,21.28,2.21,42.27,54,7.35,4
1609110000,761.03,0.02,12.51,20.03,2.09,42.89,55.32,7.35,4
1609113600,774.38,0.04,12.17,19.49,2.21,43.77,57.24,6.97,4
1609117200,700.95,0.19,10.71,25.75,2.62,41.27,55.06,5.45,4
1609120800,714.3,0.94,9.85,28.97,2.68,42.32,55.72,5.38,4
1609124400,694.28,1.17,7.71,39.34,2.24,41.16,53.58,5.19,4
1609128000,540.73,0.32,3.38,71.53,1.28,33.66,41.41,3.67,4
1609131600,494,0.12,2.19,81.54,1,31.08,36.82,3.23,4
1609135200,494,0.08,2.16,83.69,0.98,31.31,36.88,3.42,4
1609138800,500.68,0.1,2.25,85.83,1.01,32.32,37.79,3.64,4
1609142400,514.03,0.13,2.34,89.41,1.12,33.77,39.07,3.9,4
1609146000,527.38,0.14,2.64,92.98,1.39,36.89,42.44,4.24,4
1609149600,580.79,0.11,4.37,90.84,2.12,42.35,48.88,6.02,4
1609153200,667.57,0.01,7.63,77.96,3.43,48.91,57.04,8.49,4
1609156800,741.01,0,10.97,62.94,4.89,51.34,61,9.88,5
1609160400,821.11,0,15.25,50.78,6.68,52.49,63.75,9.75,5
1609164000,934.6,0,20.74,38.98,8.46,57,70.19,8.99,5
1609167600,1028.06,0,26.05,26.82,8.58,59.18,73.65,7.85,5
1609171200,974.66,0.01,26.73,16.45,7.21,50.45,64.38,6.84,5
1609174800,854.49,0.04,23.65,12.7,5.72,38.38,50.74,6.33,4
1609178400,754.36,0.04,20.39,13.41,4.71,30.58,41.88,6.21,4
1609182000,694.28,0.03,17.48,15.56,4.11,27.73,38.7,6.14,4
1609185600,680.92,0.04,16.11,15.56,3.73,27.3,38.59,6.27,4
1609189200,680.92,0.06,15.25,14.31,3.49,27.66,39.56,6.52,4
1609192800,680.92,0.07,14.74,13.41,3.25,28.42,40.9,6.9,4
1609196400,707.63,0.09,14.22,12.16,2.98,30.04,43.3,7.35,4
1609200000,774.38,0.2,14.22,10.46,2.8,33.08,47.39,7.98,4
1609203600,854.49,1.08,14.22,10.19,2.92,36.25,51.4,8.61,4
1609207200,947.95,1.73,14.74,11.44,3.1,39.34,54.92,9.5,4
1609210800,1041.41,1.12,16.62,15.91,3.49,42.93,58.63,11.27,4
1609214400,607.49,0.11,6.6,56.51,1.97,28.21,37.01,5.51,4
1609218000,567.44,0.07,4.46,70.81,1.7,29.36,36.28,4.81,4
1609221600,580.79,0.06,3.86,77.96,1.65,30.44,36.53,4.75,4
1609225200,594.14,0.13,4.28,77.25,1.77,30.66,36.66,5.7,4
1609228800,634.19,0.21,5.57,73.67,2.12,32.17,38.57,7.85,4
1609232400,667.57,0.24,7.03,71.53,2.47,34.16,40.96,10.26,4
1609236000,754.36,0.12,10.11,63.66,3.1,38.38,45.95,14.06,4
1609239600,881.2,0.01,14.57,45.78,3.82,43,51.7,17.99,4
1609243200,988.01,0,21.76,28.97,6.38,45.59,55.93,20.01,4
1609246800,1134.87,0.02,31.87,15.74,11.44,49.97,63.72,20.27,4
1609250400,1174.93,0.06,33.93,10.28,11.92,53.04,69.6,16.97,5
1609254000,1081.47,0.03,30.5,12.34,10.01,52.21,69.52,10.39,5
1609257600,801.09,0,20.05,28.25,7.57,42.07,56.83,6.52,4
1609261200,687.6,0,15.59,32.9,5.25,36.85,49.87,5.83,4
1609264800,640.87,0,13.54,32.19,4.17,33.88,45.71,5.7,4
1609268400,680.92,0,14.4,25.75,4.05,34.3,46.13,6.33,4
1609272000,767.71,0.04,16.62,17.17,3.79,37.66,50.22,7.6,4
1609275600,854.49,0.12,17.48,11.44,3.34,40.64,53.84,9.5,4
1609279200,934.6,0.28,17.99,7.69,2.98,44.34,58.27,11.27,4
1609282800,988.01,0.37,17.65,6.44,2.71,46.81,61.28,10.77,4
1609286400,988.01,0.29,16.62,8.4,2.77,47.46,62.63,9.37,4
1609290000,834.47,0.14,14.57,17.88,3.61,44.37,59.53,7.03,4
1609293600,727.65,0.42,13.02,27.9,3.87,41.95,53.8,6.27,4
1609297200,540.73,0.6,8.4,39.7,2.68,25.05,31.28,5.07,4
1609300800,350.48,0.55,3.21,55.08,1.34,8.75,11.08,3.52,1
1609304400,293.73,0.37,2.53,62.94,1.21,4.56,6.49,3.23,1
1609308000,307.08,0.66,4.46,74.39,4.59,5.29,7.69,3.55,1
1609311600,323.77,0.43,8.14,70.81,8.58,5.47,8,3.55,1
1609315200,347.14,0.55,13.37,59.37,13.35,5.81,8.78,3.83,1
1609318800,410.56,0.52,22.62,50.07,22.17,7.93,11.81,4.69,1
1609322400,560.76,0.29,39.76,33.62,34.81,12.93,19.55,7.66,2
1609326000,781.06,0.14,59.63,11.18,45.78,20.23,31.06,11.4,3
1609329600,907.9,0.45,61.69,4.34,42.92,25.29,37.78,12.79,4
1609333200,807.76,0.09,47.98,10.91,30.99,23.74,33.5,11.15,3
1609336800,547.41,0,25.36,30.4,16.69,16.49,21.97,7.47,2
1609340400,453.95,0,12.17,55.79,10.13,14.63,18.49,4.31,2
1609344000,587.46,0,10.54,65.09,11.09,19.31,23.36,2.53,2
1609347600,747.68,0,14.05,55.79,11.44,22.25,26.07,2.6,3
1609351200,867.84,0,18.17,43.27,10.73,21.81,25.1,3.04,3
1609354800,934.6,0,21.25,33.26,8.82,19.35,22.23,3.45,2
1609358400,934.6,0,23.99,25.39,6.74,16.51,19.04,3.29,2
1609362000,867.84,0,25.71,20.92,5.54,14.78,17.17,2.91,2
1609365600,754.36,0,22.96,23.25,4.83,12.72,15.13,2.66,2
1609369200,654.22,0,15.94,32.19,4.17,10.52,12.91,2.66,2
1609372800,607.49,0.01,10.54,41.84,4.05,9.64,12.25,2.66,1
1609376400,600.82,0.16,8.48,48.64,4.41,10.5,13.74,2.47,2
1609380000,594.14,0.37,6.94,57.22,5.01,12.22,16.01,2.19,2
1609383600,574.11,0.48,5.57,67.95,5.42,14.01,17.52,2,2
1609387200,547.41,0.53,3.73,85.12,5.42,17.32,20.03,1.9,2
1609390800,534.06,0.4,3.47,95.84,5.66,19.61,21.94,1.92,2
1609394400,534.06,0.38,3.64,103,6.26,20.34,22.55,1.9,3
1609398000,534.06,0.24,3.9,98.71,5.48,17.95,19.98,2.06,2
1609401600,534.06,0.18,4.5,91.55,4.65,15.36,17.23,2.6,2
1609405200,534.06,0.1,5.01,87.98,4.35,13.85,15.47,2.98,2
1609408800,547.41,0.04,5.83,86.55,4.47,13.17,14.7,3.14,2
1609412400,560.76,0,6.68,82.25,4.77,12.41,14.06,3.2,2
1609416000,554.09,0,6.43,77.96,4.59,12.09,13.92,3.2,2
1609419600,547.41,0,6.43,74.39,4.83,13.51,15.95,3.23,2
1609423200,540.73,0,6.6,70.1,5.01,14.17,17.3,3.67,2
1609426800,534.06,0,6.51,66.52,4.65,12.73,16.17,4.18,2
1609430400,520.71,0,6.77,62.94,4.23,11.14,14.53,4.81,2
1609434000,514.03,0,7.11,59.37,4.05,9.82,12.89,5.45,1
1609437600,500.68,0,6.94,57.22,3.82,8.63,11.2,5.95,1
1609441200,494,0,5.91,57.22,3.46,8.04,10.27,6.46,1
1609444800,487.33,0,5.74,55.79,3.13,8.05,10.24,6.97,1
1609448400,473.98,0,6.17,53.64,3.1,8.5,10.84,7.41,1
1609452000,467.3,0,6.68,51.5,3.31,9.14,11.7,7.54,1
1609455600,453.95,0,6,52.21,3.22,9.8,12.33,7.22,1
1609459200,453.95,0,5.36,54.36,3.07,10.52,13.07,6.78,2
1609462800,460.63,0.1,6.34,55.08,3.1,10.79,13.66,5.89,2
1609466400,467.3,0.36,7.03,57.22,3.31,10.73,14,5.26,2
1609470000,453.95,0.61,6.43,64.37,3.4,10.6,14.05,4.69,2
1609473600,410.56,0.52,3.94,81.54,2.98,10.86,13.86,3.58,2
1609477200,387.19,0.34,2.66,94.41,2.59,11.93,14.67,2.95,2
1609480800,373.84,0.29,2.23,103,2.53,12.99,15.56,2.82,2
1609484400,370.5,0.19,1.76,104.43,2.71,13.16,15.38,2.72,2
1609488000,370.5,0.14,1.95,97.28,2.92,12.1,14.05,2.63,2
1609491600,377.18,0.1,2.38,91.55,3.1,11.06,12.85,2.63,2
1609495200,383.85,0.02,3.21,82.97,3.1,10.12,11.77,2.72,2
1609498800,400.54,0,4.28,75.1,3.07,9.89,11.53,3.17,1
1609502400,407.22,0,5.01,68.67,3.07,9.89,11.63,3.61,1
1609506000,407.22,0,5.74,62.23,3.34,9.69,11.73,4.12,1
1609509600,403.88,0,6.08,57.94,3.46,9.75,11.97,4.69,1
1609513200,403.88,0,6.17,55.79,3.28,10.26,12.59,5.13,2
1609516800,400.54,0,6.34,54.36,3.1,10.95,13.31,5.45,2
1609520400,397.21,0,6.43,52.93,2.86,11.38,13.63,5.83,2
1609524000,383.85,0,5.91,52.93,2.62,11.26,13.31,6.14,2
1609527600,373.84,0,4.88,55.08,2.33,10.62,12.47,6.46,2
1609531200,367.17,0,4.58,57.22,2.18,10.14,11.96,6.78,2
1609534800,360.49,0,4.63,57.94,2.18,10.12,12.01,6.97,2
1609538400,357.15,0,4.76,57.94,2.24,10.3,12.3,6.97,2
1609542000,360.49,0,4.33,57.94,2.38,10.56,12.59,6.65,2
1609545600,370.5,0.02,4.2,57.94,2.62,11.22,13.36,6.33,2
1609549200,383.85,0.28,4.76,57.22,2.83,11.82,14.11,5.64,2
1609552800,403.88,0.48,5.27,58.65,2.95,12.28,14.42,4.88,2
1609556400,407.22,0.42,5.27,61.51,2.92,12.43,14.35,4.37,2
1609560000,397.21,0.42,3.81,70.81,2.83,12.94,14.74,4.18,2
1609563600,390.53,0.31,2.66,82.97,2.68,13.99,15.87,4.31,2
1609567200,387.19,0.23,1.95,92.98,2.53,15.36,17.37,4.56,2
1609570800,360.49,0.18,1.52,97.28,2.18,15.11,16.94,4.05,2
1609574400,350.48,0.17,1.69,97.28,1.97,14.38,16.07,4.12,2
1609578000,357.15,0.17,2.21,95.84,1.91,13.91,15.62,4.81,2
1609581600,440.6,0.19,6,84.4,2.71,16.03,18.57,8.99,2
1609585200,580.79,0.03,14.4,65.8,6.44,21.07,25.19,13.81,3
1609588800,720.98,0,23.65,52.93,12.4,26.96,32.98,16.72,4
1609592400,814.44,0,32.56,45.78,19.07,32.34,40.63,17.48,4
1609596000,794.41,0,33.24,38.27,19.07,30.64,39.64,16.21,4
1609599600,667.57,0,26.73,33.98,13.95,22.88,30.42,14.31,3
1609603200,514.03,0,17.82,35.76,8.11,14.32,19.48,11.15,2
1609606800,514.03,0,15.25,33.26,5.01,13.14,17.43,13.17,2
1609610400,547.41,0,14.74,30.76,3.87,14.19,18.22,15.71,2
1609614000,587.46,0,13.37,29.68,3.1,16.01,19.91,17.99,2
1609617600,594.14,0,11.48,31.47,2.47,16.96,20.53,18.49,2
1609621200,567.44,0,9.77,35.05,2.15,16.73,19.86,17.23,2
1609624800,527.38,0,8.4,38.98,2.03,15.83,18.62,15.45,2
1609628400,507.36,0,7.97,40.05,2.03,15.66,18.31,14.19,2
1609632000,500.68,0.01,8.05,40.77,2.21,16.04,18.77,13.05,2
1609635600,487.33,0.15,8.48,39.34,2.35,15.59,18.77,11.02,2
1609639200,507.36,0.59,9.43,36.48,3.07,16.17,20.36,10.39,2
1609642800,527.38,1.06,10.03,40.41,4.29,17.8,22.97,10.13,2
1609646400,494,0.94,7.71,59.37,5.01,19.12,23.75,8.23,2
1609650000,480.65,0.59,5.44,87.26,5.13,23.55,28.06,7.54,3
1609653600,494,0.48,5.06,121.59,6.44,33.27,38.46,7.41,4
1609657200,480.65,0.35,4.88,150.2,8.58,43.53,48.56,6.46,4
1609660800,473.98,0.18,4.8,153.07,8.11,45.08,49.69,6.46,4
1609664400,494,0.08,6.08,150.2,8.58,45.5,50.24,7.22,4
1609668000,587.46,0.02,11.14,140.19,11.44,51.97,57.99,9.88,5
1609671600,767.71,0,19.02,124.45,15.97,71.74,81.21,14.06,5
1609675200,894.55,0,21.94,98.71,15.14,80.62,93,16.97,5
1609678800,1068.12,0,27.42,51.5,9.42,73.75,88.46,21.53,5
1609682400,1335.14,0.09,34.62,18.77,6.86,77.63,95.44,23.05,5
1609686000,1682.28,1.68,38.73,3.31,5.84,96.42,117.57,25.08,5
1609689600,2056.12,5.98,39.41,0.24,5.78,125.04,148.67,28.63,5
1609693200,2429.96,10.39,39.76,0.04,5.01,151.78,176.98,21.79,5
1609696800,2590.18,10.84,42.5,0.11,5.07,160.77,185.49,15.33,5
1609700400,1668.93,0.36,39.41,9.21,6.97,96.63,112.76,12.79,5
1609704000,1174.93,0.05,25.36,14.31,3.82,56.93,66.86,13.68,5
1609707600,821.11,0.03,16.79,16.99,2.41,31.9,38.07,15.58,4
1609711200,620.84,0.03,13.02,18.24,2.12,19.67,24.35,16.97,2
1609714800,560.76,0.02,11.14,20.03,2.24,15.96,20.15,16.47,2
1609718400,554.09,0.14,9.94,23.96,2.35,15.29,19.33,15.07,2
1609722000,547.41,1.59,8.31,30.76,2.59,14.24,18.61,12.41,2
1609725600,580.79,2.38,8.23,41.84,3.07,15.04,20.2,11.27,2
1609729200,587.46,1.57,7.63,70.1,3.28,18.11,23.71,10.39,2
1609732800,440.6,0.34,3.38,87.98,2.03,14.26,17.37,5.38,2
1609736400,380.52,0.23,2.96,89.41,1.58,11.87,14.44,4.18,2
1609740000,357.15,0.28,5.06,92.98,3.1,11.47,14.46,3.71,2
1609743600,390.53,0.2,9,84.4,5.96,12.26,15.8,5.45,2
1609747200,473.98,0.19,15.08,70.1,9.54,14.26,18.66,8.61,2
1609750800,574.11,0.09,23.65,58.65,17.17,17.44,22.98,11.15,2
1609754400,700.95,0.02,35.64,47.21,27.18,21.63,28.6,13.68,3
1609758000,881.2,0,50.04,29.68,34.33,28.47,37.99,17.23,4
1609761600,1054.76,0.01,60.32,19.31,34.81,38.23,51.22,20.52,4
1609765200,1188.28,0.08,65.12,13.41,30.99,48.03,65.36,23.05,4
1609768800,1335.14,0.48,64.43,6.62,26.46,57.01,77.73,25.33,5
1609772400,1508.71,1.62,61.69,2.12,21.46,67.04,90.39,27.87,5
1609776000,1628.88,2.79,55.52,0.86,16.45,73.91,96.52,26.6,5
1609779600,1682.28,3.74,49.35,0.35,12.4,75.56,94.37,20.77,5
1609783200,1642.23,3.49,43.87,0.47,9.3,69.14,83.16,15.58,5
1609786800,1415.25,1.57,35.99,2.21,6.14,54.58,63.56,11.4,5
1609790400,1108.17,0.34,25.71,7.42,3.55,38.91,44.26,8.99,4
1609794000,794.41,0.05,16.79,15.2,2.27,26.06,29.56,7.73,4
1609797600,547.41,0.02,12,20.56,2.62,16.42,19.27,6.65,2
1609801200,480.65,0.02,11.65,20.74,3.76,12.78,15.39,6.02,2
1609804800,494,0.05,12.68,19.49,4.77,11.75,14.62,5.51,2
1609808400,574.11,1.84,16.97,14.31,9.42,13.33,18.09,5.95,2
1609812000,787.74,10.39,22.62,12.34,22.89,20.96,29.05,8.49,3
1609815600,1134.87,23.47,36.33,17.52,48.64,37.53,49.76,12.03,4
1609819200,881.2,9.16,39.41,54.36,44.82,33.77,41.74,7.09,4
1609822800,741.01,3.33,37.01,87.98,41.96,33.23,39.69,5.7,4
1609826400,614.17,1.09,28.1,115.87,36.24,30.06,35.53,4.81,4
1609830000,487.33,0.71,17.65,120.16,25.51,21.19,24.96,3.8,3
1609833600,453.95,0.94,16.28,114.44,21.7,17.42,20.39,3.77,2
1609837200,467.3,1.13,18.85,107.29,22.65,16.49,19.55,4.31,2
1609840800,560.76,1.08,27.42,85.83,24.08,18.16,22.56,7.47,2
1609844400,747.68,0.19,42.84,55.08,27.66,23.53,30.43,12.54,3
1609848000,934.6,0,50.72,34.33,26.46,30.21,39.93,17.73,4
1609851600,1121.52,0.01,55.52,21.28,23.6,37.88,50.86,21.53,4
1609855200,1321.79,0.21,58.95,10.28,20.98,46.02,62.41,22.55,4
1609858800,1441.96,0.82,55.52,4.6,17.41,51.08,68.79,21.03,5
1609862400,1388.55,0.91,48.67,4.43,13.23,50.14,66.76,18.24,5
1609866000,1228.33,0.67,42.16,5.68,11.68,44.38,58.06,17.23,4
1609869600,1014.71,0.66,37.36,5.81,13.11,36.43,47.1,16.97,4
1609873200,827.79,0.56,32.56,5.99,13.11,29.05,37.59,16.97,4
1609876800,787.74,1.02,30.16,4.02,10.85,27.95,36.26,18.24,4
1609880400,821.11,2.43,29.13,1.57,9.78,30.25,39.49,18.49,4
1609884000,881.2,5.76,27.42,0.34,10.13,33.94,44.71,17.99,4
1609887600,867.84,7.94,24.33,0.14,10.61,34.24,45.25,17.23,4
1609891200,794.41,7.49,21.59,0.83,10.37,30.44,40.53,15.96,4
1609894800,714.3,10.06,17.48,8.49,14.07,25.73,35.39,13.55,4
1609898400,821.11,14.19,20.56,18.42,19.79,30.69,42.3,14.19,4
1609902000,1001.36,14.31,33.24,42.56,29.33,46.35,61.01,15.07,4
1609905600,767.71,5.2,27.42,101.57,30.99,54.49,65.45,7.85,5
1609909200,674.25,1.34,17.31,154.5,25.75,68.43,77.59,5.38,5
1609912800,694.28,0.73,18.85,173.09,28.37,81.35,91.18,5.38,5
1609916400,821.11,0.57,20.56,148.77,25.75,89.69,100.31,10.13,5
1609920000,1028.06,0.54,22.28,143.05,23.13,104.98,117.13,20.77,5
1609923600,1241.68,0.44,27.76,157.36,26.23,118.63,132.44,33.95,5
1609927200,1415.25,0.19,38.39,153.07,31.95,131.14,147,44.08,5
1609930800,1375.2,0.01,41.13,110.15,30.04,120.51,137.6,38.51,5
1609934400,1134.87,0,31.53,80.11,20.03,83.17,98.62,25.84,5
1609938000,807.76,0,25.02,55.08,11.21,41.18,54.44,15.45,4
1609941600,747.68,0,26.73,31.47,10.49,31.23,45.89,13.3,4
1609945200,821.11,0.07,33.93,16.99,16.21,34.29,51.93,12.92,4
1609948800,961.3,0.59,42.84,6.88,23.37,41.78,61.43,12.79,4
1609952400,1134.87,3.74,52.09,0.97,31.95,50.91,71.46,13.3,5
1609956000,1361.85,11.74,61.01,0.01,42.92,63.76,85.41,14.44,5
1609959600,1548.77,16.09,65.8,0,40.53,75.36,97.9,15.2,5
1609963200,1615.52,18.33,59.63,0,28.61,79.31,101.77,13.68,5
1609966800,1535.42,21.23,49.35,0,21.94,75.6,96.66,11.78,5
1609970400,1361.85,25.03,39.76,0,21.7,66.9,85.89,10.51,5
1609974000,1174.93,24.14,32.56,0,20.03,56.88,73.28,10.26,5
1609977600,988.01,18.33,26.39,0.4,15.5,46.07,60.15,11.02,4
1609981200,787.74,14.53,20.05,7.87,16.45,33.94,45.88,11.15,4
1609984800,827.79,15.42,21.76,20.03,22.41,34.06,46.44,12.41,4
1609988400,974.66,14.08,33.59,46.49,33.85,43.97,58.67,13.55,4
1609992000,620.84,4.25,19.19,95.84,22.17,32.95,41.23,6.33,4
1609995600,520.71,1.76,12.85,133.04,19.79,38.12,44.53,4.69,4
1609999200,540.73,1.19,12.34,168.8,25.03,52.13,58.65,4.69,5
1610002800,507.36,0.63,9,188.83,22.65,54.02,60.13,4.24,5
1610006400,460.63,0.43,8.57,188.83,19.07,48.48,54.15,4.12,4
1610010000,453.95,0.33,10.63,180.24,18.36,42.05,47.87,4.56,4
1610013600,507.36,0.25,16.97,160.22,18.12,38.14,45.53,6.84,4
1610017200,600.82,0.03,23.65,120.16,17.64,36.23,47.02,10.26,4
1610020800,600.82,0,19.19,75.1,11.56,28.48,41.82,11.27,4
1610024400,687.6,0,21.42,38.98,7.45,27.75,43.73,14.19,4
1610028000,894.55,0.07,27.08,17.88,6.62,35.2,53.87,16.97,4
1610031600,1054.76,0.41,28.45,8.76,5.84,42.41,63.2,18.49,4
1610035200,1121.52,0.88,28.45,5.54,5.42,46.37,67.81,19.76,4
1610038800,1121.52,1.19,27.08,4.25,4.59,47.5,68.12,17.48,4
1610042400,1174.93,0.55,25.71,5.54,3.93,51.19,71.86,15.71,5
1610046000,1148.22,0.36,23.99,6.17,3.61,51.32,72.3,13.17,5
1610049600,1255.04,0.57,25.71,3.8,3.55,56.81,78.01,12.92,5
1610053200,1321.79,0.86,28.1,2.06,3.46,58.54,77.71,13.3,5
1610056800,1068.12,0.48,24.33,5.1,2.71,42.46,55.44,13.05,4
1610060400,720.98,0.18,16.97,9.48,2.33,24.32,31.66,13.3,3
1610064000,560.76,0.27,12.34,13.23,2.5,15.88,20.87,13.55,2
1610067600,520.71,3.24,9.6,18.77,5.31,13.92,19.17,11.65,2
1610071200,620.84,7.82,13.2,25.03,13.23,18.69,26.2,11.4,2
1610074800,827.79,11.18,25.71,45.42,28.37,31.72,42.8,12.79,4
1610078400,687.6,4.41,22.62,98.71,28.61,38.82,47.94,7.92,4
1610082000,687.6,2.24,20.22,154.5,31.47,58.31,67.81,6.78,5
1610085600,787.74,1.66,22.28,205.99,41.96,89.89,100.37,6.84,5
1610089200,781.06,0.96,17.82,246.05,44.35,107.09,117.02,6.08,5
1610092800,707.63,0.52,12.68,254.63,36.24,102.65,111.53,5.07,5
1610096400,640.87,0.34,11.82,246.05,29.56,89.68,98.06,4.88,5
1610100000,660.9,0.22,17.31,214.58,25.51,79.09,88.34,7.35,5
1610103600,774.38,0.03,28.45,164.51,26.94,72.66,84.56,11.4,5
1610107200,867.84,0,35.64,104.43,26.7,58.16,73.05,14.57,5
1610110800,907.9,0,43.87,57.22,27.42,43.63,60.96,15.45,4
1610114400,947.95,0,53.47,31.11,32.42,37.76,54.19,15.33,4
1610118000,821.11,0,49.35,21.99,28.13,28.67,39.75,13.17,4
1610121600,567.44,0,27.08,24.68,13.11,16.42,22.47,10.26,2
1610125200,460.63,0,16.62,25.39,7.57,11.64,16.03,9.25,2
1610128800,460.63,0,15.08,25.03,7.87,11.18,15.02,8.74,2
